,Unnamed: 0,country,coast_length,religon,border_length,number_of_borders,temp,sea_level,water_land_ratio,winning_wars,lost_wars,wars_in_country,wars_victory,wars_loses,total_wars_participate,wars_inside_country,imperialism_wars,deimperialism_wars,battles_in_country
0,0, Paracel Islands,518.0,Unknown,2027.0,3,22.35,442.0,,,,,0.0,0.0,0.0,0.0,0,0,0
1,1, Spratly Islands,926.0,Unknown,2027.0,3,22.35,442.0,,,,,0.0,0.0,0.0,0.0,0,0,0
2,2,Afghanistan,0.0,Islam,5529.0,6,12.6,1885.0,0.0,"1420,2309,2506,2746,2793,2802,2876,2879,","34,1437,1901,1902,1913,1922,1924,1926,2328,2750,2789,2876,2879,","584,1420,1437,1704,1901,1902,1913,1916,1922,1924,1926,2309,2328,2506,2750,2789,2876,2879,",8.0,13.0,21.0,18.0,3,12,8
3,3,Akrotiri and Dhekelia,83.8,Unknown,2027.0,3,22.35,442.0,,,,,0.0,0.0,0.0,0.0,0,0,0
4,4,Albania,362.0,Islam,1102.0,6,11.4,708.0,0.328493647912886,"1971,2277,2279,2434,2853,2855,2861,2876,2879,2882,2883,2905,2906,2914,2918,2937,2939,","145,146,288,2355,2573,2944,2949,","20,265,267,288,849,868,877,1230,1246,1278,1297,1725,1756,1770,1774,1782,1784,1984,2054,2230,2381,2821,2849,2852,2853,2855,2861,2905,2906,",17.0,7.0,24.0,29.0,12,1,20
5,5,Algeria,998.0,Islam,6470.0,7,22.5,800.0,0.154250386398763,"174,175,2175,2808,2811,2923,2926,","2418,2669,2706,2709,","133,569,1025,1152,1319,1954,2399,2616,2623,2627,2808,2811,",7.0,4.0,11.0,12.0,5,0,8
6,6,American Samoa,116.0,Unknown,2027.0,3,22.35,442.0,,,,,0.0,0.0,0.0,0.0,0,0,0
7,7,Angola,1661.0,Roman Chatolic,5318.0,6,21.55,1996.0,0.312335464460323,"2157,2661,2724,2776,2842,2846,2847,2848,2885,2887,2923,2925,2926,2927,","2776,","22,475,1145,1149,2057,2157,2271,2276,2493,2636,2661,2723,2736,2776,",14.0,1.0,15.0,14.0,11,1,7
8,8,Antigua and Barbuda,153.0,Christian,1.0,0,26.0,442.0,153.0,"2770,2771,",,,2.0,0.0,2.0,0.0,2,0,0 = []
9,9,Argentina,4989.0,Roman Chatolic,9665.0,5,14.8,595.0,0.516192446973616,"237,238,1753,1791,2793,2802,","1355,1805,1808,1816,1835,2759,2761,2765,2766,2767,2768,","42,735,1057,1062,1209,1355,1427,1439,1499,1753,1809,2220,2894,2898,",6.0,11.0,17.0,14.0,5,1,10
10,10,Armenia,0.0,Christian,1254.0,4,7.15,1792.0,0.0,"176,221,222,2052,2053,2259,2785,2832,2834,2876,2879,2882,2883,","2218,2224,2271,","176,704,1333,2222,2223,2785,2832,2834,",13.0,3.0,16.0,8.0,9,0,4
11,11,Ashmore and Cartier Islands,74.1,Unknown,2027.0,3,22.35,442.0,,,,,0.0,0.0,0.0,0.0,0,0,0
12,12,Australia,25760.0,Roman Chatolic,1.0,0,21.65,330.0,25760.0,"1139,1200,2035,2037,2040,2129,2132,2158,2159,2163,2165,2172,2175,2187,2191,2204,2207,2209,2216,2222,2223,2226,2229,2230,2232,2233,2234,2237,2245,2400,2401,2433,2435,2437,2438,2442,2449,2452,2453,2454,2456,2458,2464,2465,2466,2469,2470,2471,2477,2481,2482,2483,2486,2500,2502,2505,2510,2513,2514,2525,2528,2533,2541,2543,2549,2551,2554,2555,2556,2568,2583,2592,2598,2601,2602,2606,2646,2657,2658,2663,2664,2667,2670,2671,2674,2682,2686,2696,2727,2790,2793,2794,2802,2876,2877,2879,2881,2882,2883,2894,2898,2923,2926,2937,2939,2952,2953,","1189,2189,2218,2432,2434,2457,2475,2620,2683,2915,2919,","34,1058,1350,2442,",107.0,11.0,118.0,4.0,106,0,3
13,13,Austria,0.0,Roman Chatolic,2562.0,8,6.35,910.0,0.0,"684,685,695,728,763,769,785,788,789,792,852,911,912,936,949,1004,1006,1007,1012,1043,1112,1116,1122,1131,1132,1133,1134,1188,1223,1226,1276,1285,1306,1307,1308,1309,1310,1311,1315,1473,1474,1475,1482,1749,1798,2876,2879,","242,425,478,701,704,721,722,725,727,734,736,737,741,742,752,754,757,758,759,764,766,767,770,794,796,801,938,941,942,956,961,966,972,976,977,978,1000,1001,1008,1016,1017,1021,1023,1024,1026,1027,1028,1029,1043,1046,1049,1050,1053,1057,1058,1108,1110,1115,1120,1130,1139,1189,1225,1252,1253,1268,1284,1286,1289,1290,1295,1296,1301,1304,1305,1481,1483,1484,1487,1488,1489,1490,1491,1494,1496,1542,1544,1545,1546,1547,1548,1580,1799,1800,1804,1807,1809,1815,","3,640,645,998,1004,1057,1058,1110,1112,1120,1544,1548,1642,1799,1925,2203,",47.0,98.0,145.0,16.0,45,7,14
14,14,Azerbaijan,0.0,Islam,2013.0,5,11.95,442.0,0.0,"2224,2876,2877,2879,2881,2882,2883,","2785,2832,2834,","1044,2224,2753,2785,2832,2834,2884,2888,",7.0,3.0,10.0,8.0,6,3,3
15,15,Bahamas,3542.0,Roman Chatolic,1.0,0,24.85,442.0,3542.0,"2892,2897,","2904,2907,2936,2938,","1283,1389,1989,2243,",2.0,4.0,6.0,4.0,2,0,2
16,16,Bangladesh,580.0,Islam,4246.0,2,25.0,442.0,0.136599152143194,"2693,2699,2733,2793,2802,2870,2875,2923,2926,","272,2801,","485,792,1345,1987,2693,2870,2875,",9.0,2.0,11.0,7.0,6,0,3
17,17,Barbados,97.0,Protestant,1.0,0,26.0,442.0,97.0,"2770,2771,",,,2.0,0.0,2.0,0.0,2,0,0
18,18,Belarus,0.0,Roman Chatolic,2900.0,5,6.15,170.0,0.0,"2885,2887,2937,2939,","1480,2850,2851,2886,2889,2917,2921,","302,367,616,694,696,697,757,1165,1178,1184,1186,1196,1202,1204,1206,2287,2540,",4.0,7.0,11.0,17.0,4,0,17
19,19,Belgium,66.5,Roman Chatolic,1385.0,4,9.55,181.0,0.048014440433213,"1365,2121,2125,2147,2153,2223,2407,2490,2504,2525,2606,2649,2735,2793,2802,2849,2852,2876,2877,2879,2881,2885,2887,2917,2921,2923,2926,2937,2939,","2149,2418,2915,2919,","124,139,413,439,442,446,492,527,535,633,644,663,666,667,668,746,942,1312,1365,1384,2121,2142,2205,2504,2901,2902,",29.0,4.0,33.0,26.0,26,0,22
20,20,Belize,386.0,Roman Chatolic,516.0,2,25.3,173.0,0.748062015503876,,"125,","553,1114,2188,2634,2894,2898,",0.0,1.0,1.0,6.0,0,0,3
21,21,Benin,121.0,Benin,1989.0,4,27.55,442.0,0.060834590246355,"1043,1587,1610,1613,1626,1647,1654,1680,1683,1687,1707,1721,1759,1766,1770,1771,1787,1794,1839,2923,2926,","1189,2313,2916,2920,","30,33,46,51,56,61,64,66,72,73,76,81,84,86,90,92,93,102,708,832,1238,1250,1960,1962,1967,2565,",21.0,4.0,25.0,26.0,21,0,24
22,22,Bermuda,103.0,Unknown,2027.0,3,22.35,442.0,,,,,0.0,0.0,0.0,0.0,0,0,0
23,23,Bhutan,0.0,Buddhist,1075.0,2,7.4,2220.0,0.0,,"929,","1207,2450,2596,2609,2647,2752,2792,2795,",0.0,1.0,1.0,8.0,0,0,5
24,24,Bolivia,0.0,Roman Chatolic,6743.0,5,21.55,1192.0,0.0,"1415,2341,2344,2345,","1413,1414,1906,1908,1917,1918,2339,","1220,1229,1241,1331,1906,1908,1916,2256,2403,",4.0,7.0,11.0,9.0,4,2,6
25,25,Bosnia and Herz.,20.0,Islam,2027.0,3,9.85,500.0,,"2817,2818,2820,2822,2840,2876,2879,2882,2883,2937,2939,",,"675,2816,2817,2818,2820,2822,2839,2840,",11.0,0.0,11.0,8.0,6,0,6
26,26,Botswana,0.0,Christian,4015.0,4,21.5,1013.0,0.0,"1969,2885,2887,",,"234,476,477,496,1788,1854,1870,1872,1873,1874,1875,1876,1879,1882,1888,1895,",3.0,0.0,3.0,16.0,3,0,12
27,27,Bouvet Island,29.6,Unknown,2027.0,3,22.35,442.0,,,,,0.0,0.0,0.0,0.0,0,0,0
28,28,Brazil,7652.0,Islam,14691.0,10,27.15,320.0,0.520863113470832,"1340,1354,1355,1356,1384,1385,1389,1411,1476,1498,1499,1753,1832,1852,1968,1970,1989,2336,2501,2652,2798,2803,2876,2879,","577,1352,1768,1805,1808,1816,1820,1826,1835,1836,2620,2915,2919,2941,2942,","124,494,497,519,577,583,1082,1112,1340,1354,1356,1384,1385,1389,1411,1753,1852,1968,1989,",24.0,15.0,39.0,19.0,13,1,8
29,29,British Indian Ocean Territory,698.0,Unknown,2027.0,3,22.35,442.0,,,,,0.0,0.0,0.0,0.0,0,0,0
30,30,British Virgin Islands,80.0,Unknown,2027.0,3,22.35,442.0,,,,,0.0,0.0,0.0,0.0,0,0,0
31,31,Brunei,161.0,Islam,381.0,1,26.85,442.0,0.42257217847769,"135,761,779,1043,1490,2640,2686,","34,832,839,1312,1314,","1138,1490,2468,2472,2495,2551,2583,2640,",7.0,5.0,12.0,8.0,5,0,6
32,32,Bulgaria,354.0,Islam,1808.0,5,10.55,470.0,0.195796460176991,"715,725,1043,1046,1115,1276,1837,1844,1878,1881,1883,1894,1898,1899,1952,1955,1956,2102,2105,2106,2110,2116,2118,2119,2219,2311,2620,2680,2850,2851,2872,2874,2876,2879,2882,2883,2917,2921,2923,2926,","534,569,578,645,684,685,691,1029,1133,1134,1189,1225,1284,1290,1295,1296,1504,1801,2117,2153,2573,2606,2770,","172,173,181,182,185,186,522,524,526,685,728,921,1028,1132,1133,1134,1360,1862,1881,1883,1884,1892,1894,1896,1898,1899,1900,1955,1956,2024,2030,2105,2118,2188,2311,2437,",40.0,23.0,63.0,36.0,30,3,33
33,33,Burkina Faso,0.0,Islam,3193.0,6,28.29,442.0,0.0,"2923,2926,",,,2.0,0.0,2.0,0.0,2,0,0
34,34,Burundi,0.0,Roman Chatolic,974.0,3,19.8,442.0,0.0,"2823,2824,2842,2846,2895,2899,2909,2910,2923,2926,",,"1510,1915,2823,2824,2885,2887,",10.0,0.0,10.0,6.0,8,0,2
35,35,Cambodia,846.0,Buddhist,2572.0,3,26.8,126.0,0.328926905132193,"2923,2926,",,"871,1414,2620,2679,2720,2726,",2.0,0.0,2.0,6.0,2,0,3
36,36,Cameroon,402.0,Cameroon,4591.0,6,24.6,667.0,0.087562622522326,"2035,2925,2927,2944,2949,",,"18,19,563,876,880,979,1056,1059,1314,1336,1769,2016,2017,2018,2020,2023,2045,2048,2925,2927,2944,2949,",5.0,0.0,5.0,22.0,1,0,15
37,37,Canada,202080.0,Roman Chatolic,8893.0,1,-5.35,487.0,22.7234903856966,"752,753,755,765,773,774,776,777,778,781,791,811,1171,1203,1212,1214,1217,1224,1228,1257,1267,1270,1272,1291,1401,1405,1954,2035,2037,2041,2215,2216,2222,2223,2227,2402,2407,2451,2452,2490,2504,2513,2523,2525,2555,2556,2569,2597,2606,2790,2793,2794,2802,2849,2852,2876,2877,2879,2881,2917,2921,2923,2926,2937,2939,2946,2951,","272,273,659,749,782,786,790,795,944,1234,1260,1404,1410,1412,1802,1803,1943,1947,1948,1949,1950,1951,2218,2801,2915,2919,","69,272,273,499,659,706,753,782,791,1067,1099,1171,1212,1228,1240,1257,1267,1269,1272,1401,1403,1404,1405,1410,2364,2459,2460,",67.0,26.0,93.0,27.0,57,6,25
38,38,Cape Verde,965.0,Roman Chatolic,1.0,0,23.3,442.0,965.0,"2923,2926,",,"879,",2.0,0.0,2.0,1.0,2,0,1
39,39,Cayman Islands,160.0,Unknown,2027.0,3,22.35,442.0,,,,,0.0,0.0,0.0,0.0,0,0,0
40,40,Central African Rep.,0.0,Central African Republic,5213.0,6,24.9,442.0,0.0,"2925,2927,","2885,2887,","763,1383,2197,2925,2927,",2.0,2.0,4.0,5.0,0,0,2
41,41,Chad,0.0,Islam,5968.0,6,26.55,543.0,0.0,"1534,2778,2890,2891,2923,2925,2926,2927,","2777,","295,303,325,836,1344,2588,2605,2676,2755,2777,2890,2891,",8.0,1.0,9.0,12.0,6,1,7
42,42,Chile,6435.0,Roman Chatolic,6171.0,3,8.45,1870.0,1.0427807486631,"1215,1222,1323,1325,1326,1331,1332,1333,1348,1413,1414,1906,1908,1911,1916,1917,1918,1925,","1814,1914,","271,275,276,280,281,282,285,286,287,289,874,1322,1323,1325,1331,1814,1916,1925,1957,1963,1964,2355,",18.0,2.0,20.0,22.0,13,1,22
43,43,China,14500.0,Christian,22147.0,13,6.95,1840.0,0.654716214385696,"1939,2153,2309,2335,2337,2338,2349,2363,2365,2366,2367,2368,2369,2372,2377,2378,2379,2384,2388,2397,2408,2431,2439,2440,2441,2506,2524,2552,2574,2577,2578,2579,2586,2587,2605,2609,2619,2620,2628,2630,2632,2639,2643,2689,2716,2719,2727,2739,2740,2749,2754,2789,2877,2881,2923,2926,2937,2939,2952,2953,","1417,1418,1421,1424,1426,1431,1432,1433,1434,1435,1436,1440,1515,1518,1522,1526,1527,1531,1937,1941,1945,1946,2019,2046,2218,2329,2349,2370,2372,2431,2516,2578,2583,2587,2588,2598,2599,2600,2602,2606,2608,2609,2610,2614,2615,2675,2676,2723,2727,2754,2843,2844,2876,2879,2941,2942,2954,2957,","57,98,142,144,481,490,1187,1215,1269,1428,1434,1513,1518,1941,1977,2019,2044,2046,2070,2071,2082,2083,2084,2085,2086,2087,2091,2094,2335,2337,2338,2349,2365,2366,2372,2547,2571,2575,2577,2586,2587,2607,2632,2656,2675,2676,2689,2736,2743,2901,2902,",60.0,58.0,118.0,51.0,48,10,32
44,44,Christmas Island,138.9,Unknown,2027.0,3,22.35,442.0,,,,,0.0,0.0,0.0,0.0,0,0,0
45,45,Clipperton Island,11.1,Unknown,2027.0,3,22.35,442.0,,,,,0.0,0.0,0.0,0.0,0,0,0
46,46,Cocos (Keeling) Islands,26.0,Unknown,2027.0,3,22.35,442.0,,,,,0.0,0.0,0.0,0.0,0,0,0
47,47,Colombia,3208.0,Roman Chatolic,6004.0,5,24.5,593.0,0.534310459693538,"1336,1341,1346,1357,2340,2606,2608,2610,2650,2798,2803,2894,2898,",,"314,726,1275,1329,1357,1556,2340,2650,2894,2898,",13.0,0.0,13.0,10.0,8,0,4
48,48,Comoros,340.0,Roman Chatolic,1.0,0,25.55,442.0,340.0,"2923,2926,",,,2.0,0.0,2.0,0.0,2,0,0
49,49,Congo,20.0,Unknown,2027.0,3,22.35,442.0,,"2841,2845,2847,2848,2856,2862,2885,2887,2922,2928,","2045,2847,2848,2856,2862,2885,2887,","1374,1547,2015,2601,2604,2649,2823,2824,2841,2845,2847,2848,2856,2862,2885,2887,2922,2928,",10.0,7.0,17.0,18.0,0,6,5
50,50,"Congo, Democratic Republic of the",37.0,Roman Chatolic,2027.0,3,22.35,442.0,,,,,0.0,0.0,0.0,0.0,0,0,0
51,51,Cook Islands,120.0,Unknown,2027.0,3,22.35,442.0,,,,,0.0,0.0,0.0,0.0,0,0,0
52,52,Coral Sea Islands,3095.0,Unknown,2027.0,3,22.35,442.0,,,,,0.0,0.0,0.0,0.0,0,0,0
53,53,Costa Rica,1290.0,Roman Chatolic,639.0,2,24.8,746.0,2.018779342723,"1523,1524,2301,2652,","1521,","1521,1523,1524,",4.0,1.0,5.0,3.0,2,1,1
54,54,Croatia,5835.0,Roman Chatolic,2197.0,5,10.9,331.0,2.65589440145653,"374,1473,1482,1504,2446,2478,2806,2814,2818,2820,2826,2838,2840,2876,2879,2882,2883,2937,2939,","3,291,315,478,804,1489,1494,2799,2816,2822,","291,398,804,879,1466,2498,2799,2806,2814,2826,2840,",19.0,10.0,29.0,11.0,15,3,7
55,55,Cuba,3803.5,Roman Chatolic,1.0,0,25.2,108.0,3803.5,"1978,1997,2000,2001,2005,2012,2620,2629,2637,2661,2723,2724,2732,2734,","811,1834,2004,2613,2677,2706,2709,2715,2727,2736,2770,2771,2776,","3,314,436,1275,1339,1359,1599,1834,1978,1997,2000,2001,2002,2003,2004,2005,2012,2160,2613,2629,2637,",14.0,13.0,27.0,21.0,6,3,13
56,56,Curaçao,364.0,Unknown,2027.0,3,22.35,442.0,,,,,0.0,0.0,0.0,0.0,0,0,0
57,57,Cyprus,648.0,Islam,152.0,1,18.45,91.0,4.26315789473684,"32,","3,34,38,1537,2717,2722,","26,1992,1994,2622,2717,2722,",1.0,6.0,7.0,6.0,1,2,4
58,58,Czechia,0.0,Unknown,2027.0,3,22.35,433.0,,"2269,2479,2525,2611,2620,2793,2802,2937,2939,","2218,2374,2405,2418,2606,2680,","484,1349,2374,2611,2680,2827,2830,2860,2867,2868,2869,",9.0,6.0,15.0,11.0,8,2,3
59,59,Côte d'Ivoire,515.0,Cte d'Ivoire,3110.0,5,22.35,442.0,0.165594855305466,,,,0.0,0.0,0.0,0.0,0,0,0
60,60,Dem. Rep. Congo,169.0,Unknown,2027.0,3,22.35,442.0,,,,,0.0,0.0,0.0,0.0,0,0,0
61,61,Denmark,7314.0,Protestant,68.0,1,7.5,34.0,107.558823529412,"221,222,249,502,504,512,620,638,639,691,718,2606,2793,2802,2849,2852,2876,2877,2879,2881,2882,2883,2917,2921,2923,2926,2937,2939,","257,293,294,307,471,562,637,642,643,667,705,707,713,1030,1065,1066,1085,1089,1091,1149,1199,1749,1750,2915,2919,","562,642,1030,1033,1065,1066,1149,1750,2185,2430,",28.0,25.0,53.0,10.0,28,7,8
62,62,Djibouti,314.0,Islam,528.0,3,28.0,442.0,0.59469696969697,"2877,2881,2909,2910,",,,4.0,0.0,4.0,0.0,4,0,0
63,63,Dominican Rep.,1436.0,Roman Chatolic,360.0,1,24.55,424.0,3.98888888888889,"1444,1447,1448,1528,1702,2770,2771,2882,2883,","2190,2193,2199,2652,","422,896,1702,2190,2193,2199,2651,2652,",9.0,4.0,13.0,8.0,8,4,4
64,64,Ecuador,2237.0,Roman Chatolic,2010.0,2,21.85,1117.0,1.11293532338308,"306,","2426,","1357,",1.0,1.0,2.0,1.0,1,0,0
65,65,Egypt,2450.0,Islam,2665.0,4,22.1,321.0,0.919324577861163,"68,129,133,233,272,273,1372,1419,1504,1511,2011,2638,2672,2731,2790,2793,2794,2802,2916,2920,2932,2935,2946,2951,","131,132,677,1003,1353,1580,1856,1934,1940,2580,2581,2625,2669,2673,2677,2686,2705,2706,2709,2755,2801,2916,2920,2941,2942,","131,133,305,986,987,1003,1018,1031,1934,2178,2181,2187,2191,2625,2705,2731,2916,2920,",24.0,25.0,49.0,18.0,20,7,12
66,66,El Salvador,307.0,Catholic,545.0,2,24.45,442.0,0.563302752293578,"1523,1524,2652,2687,2690,2744,2876,2879,2882,2883,",,"1389,1499,2326,2687,2690,2744,2894,2898,",10.0,0.0,10.0,8.0,7,0,3
67,67,Eq. Guinea,296.0,Christian,539.0,2,24.55,577.0,0.549165120593692,,,,0.0,0.0,0.0,0.0,0,0,0
68,68,Eritrea,2234.0,Roman Chatolic,1626.0,3,25.5,853.0,1.37392373923739,"4,1982,2354,2356,2357,2361,","3,1983,2850,2851,2909,2910,","1856,1958,1980,1982,2246,2436,2715,2780,2955,2956,",6.0,6.0,12.0,10.0,5,0,5
69,69,Estonia,3794.0,Christian,633.0,2,5.1,61.0,5.99368088467615,"2218,2254,2255,2261,2264,2265,2310,2495,2535,2876,2879,2882,2883,2923,2925,2926,2927,2937,2939,","2255,","457,678,681,709,1196,1204,1218,1487,1519,2255,2265,2310,2495,2535,",19.0,1.0,20.0,14.0,14,1,12
70,70,Ethiopia,0.0,Islam,5328.0,6,22.2,1330.0,0.0,"1856,1982,1983,2606,2608,2610,2711,2732,2734,2829,2837,2850,2851,2877,2881,2895,2899,2909,2910,2955,2956,","1824,1828,1958,1959,1980,1988,2347,2353,2354,2356,2357,2361,2715,2780,2932,2935,","328,1828,1957,1982,1983,1988,2347,2353,2354,2355,2356,2361,2711,2715,2732,2734,2829,2837,2955,2956,",21.0,16.0,37.0,20.0,12,8,10
71,71,Falkland Is.,1288.0,Unknown,2027.0,3,22.35,442.0,,,,"1504,1878,2152,2759,2760,2761,2765,2767,2768,",0.0,0.0,0.0,9.0,0,0,7
72,72,Faroe Islands,1117.0,Unknown,2027.0,3,22.35,442.0,,,,,0.0,0.0,0.0,0.0,0,0,0
73,73,Fiji,1129.0,Christian,1.0,0,24.4,442.0,1129.0,"2482,2583,","1541,",,2.0,1.0,3.0,0.0,2,0,0
74,74,Finland,1250.0,Christian,2690.0,3,1.7,164.0,0.464684014869888,"194,245,405,436,442,445,446,447,448,451,458,478,495,511,599,621,623,625,628,649,654,659,665,672,683,684,685,691,1514,1525,1973,1976,2100,2210,2218,2306,2333,2386,2391,2415,2428,2507,2536,2538,2613,2644,2809,2812,2843,2844,2876,2879,2925,2927,2937,2939,","257,304,336,337,398,420,439,449,452,456,485,498,532,536,538,539,586,593,620,622,627,629,632,657,661,663,664,667,668,679,918,924,954,1162,1356,1361,1369,1384,1388,1389,1456,1470,1497,1525,1852,1862,1868,1970,1972,1989,2020,2044,2050,2080,2082,2083,2084,2085,2086,2087,2089,2090,2091,2100,2154,2197,2240,2256,2280,2296,2306,2317,2371,2382,2423,2491,2497,2511,2611,2612,2617,2624,2629,2644,2649,2651,2688,2745,2784,2901,2902,2914,2918,","123,246,250,256,274,290,304,327,528,536,538,547,565,585,590,598,603,624,625,627,636,648,649,655,710,712,725,811,907,908,909,910,915,916,1080,1083,1084,1086,1088,1090,1092,1094,1103,1105,1386,1421,1456,1458,1470,1478,1497,1514,1522,1525,1752,1845,2235,2236,2238,2239,2240,2241,2242,2244,2246,2247,2248,2250,2251,2253,2257,2279,2305,2380,2382,2386,2415,2423,2426,2511,2536,2628,2638,2714,2747,2749,2850,2851,2937,2939,",56.0,93.0,149.0,90.0,47,12,49
75,75,Fr. S. Antarctic Lands,17968.0,Unknown,2027.0,3,22.35,2300.0,,,,,0.0,0.0,0.0,0.0,0,0,0
76,76,France,7801.4,Roman Chatolic,2889.0,8,10.7,375.0,2.70038075458636,"221,222,223,224,237,238,244,248,250,263,269,292,300,304,311,327,332,338,341,343,345,346,350,352,354,357,360,362,363,364,368,372,375,376,381,384,386,389,395,399,406,407,408,412,414,416,419,421,423,426,428,432,435,438,440,441,468,478,507,527,528,531,534,546,556,566,569,578,582,600,610,622,628,631,633,641,644,653,657,661,663,664,666,667,668,669,670,674,682,701,708,722,725,729,730,731,732,735,741,742,747,750,751,753,755,756,765,773,774,776,777,778,781,791,811,853,865,882,884,887,895,898,903,925,926,929,937,938,939,942,943,945,953,956,963,965,966,967,972,974,978,984,985,987,1000,1001,1005,1008,1011,1013,1014,1016,1017,1018,1021,1023,1024,1026,1027,1029,1035,1036,1039,1046,1054,1055,1057,1076,1082,1095,1100,1101,1106,1115,1123,1139,1144,1207,1225,1231,1236,1238,1250,1252,1253,1268,1271,1279,1280,1281,1282,1283,1284,1286,1288,1289,1290,1292,1293,1294,1295,1296,1312,1344,1353,1365,1441,1445,1446,1506,1507,1509,1510,1511,1542,1544,1928,1936,1937,1938,1944,1945,1946,1960,1983,2020,2045,2046,2121,2122,2125,2126,2136,2143,2148,2153,2155,2158,2174,2180,2204,2209,2214,2221,2222,2223,2225,2226,2228,2231,2233,2249,2254,2278,2285,2286,2313,2314,2315,2359,2407,2416,2420,2436,2480,2490,2504,2513,2523,2525,2597,2606,2625,2626,2634,2735,2756,2790,2793,2794,2802,2849,2852,2876,2877,2879,2881,2885,2887,2890,2891,2917,2921,2923,2925,2926,2927,2937,2939,2946,2951,","240,245,246,261,270,301,308,310,313,316,318,319,320,323,326,329,330,331,333,334,339,344,347,353,356,358,365,369,373,377,380,385,387,390,397,402,403,411,417,429,433,437,465,497,501,511,547,626,627,629,632,640,654,656,659,660,665,672,683,684,685,690,691,695,698,700,702,706,728,739,743,744,745,746,749,752,758,761,762,772,779,782,783,784,786,787,790,793,795,797,800,849,850,869,870,879,881,894,896,897,900,919,923,932,933,936,940,949,952,983,986,988,1004,1006,1007,1012,1019,1031,1032,1034,1037,1048,1060,1070,1104,1111,1124,1134,1137,1145,1146,1156,1158,1188,1189,1223,1244,1276,1285,1317,1553,1599,1726,1806,1837,1840,1843,1844,1847,1848,1849,1939,2039,2140,2196,2218,2271,2283,2359,2399,2406,2418,2616,2754,2755,2791,2796,2839,2843,2844,2915,2919,2941,2942,","3,4,115,124,125,244,246,261,263,270,382,468,528,547,582,600,626,628,641,659,661,700,729,734,753,782,786,791,806,934,936,937,945,949,1144,1188,1235,1271,1276,1284,1285,1292,1635,1837,1838,1839,1840,1841,1842,1843,1844,1847,1848,1849,2136,2137,2140,2214,2221,2225,2228,2229,2234,2407,2418,2525,",301.0,174.0,475.0,66.0,276,23,59
77,77,French Polynesia,2525.0,Unknown,2027.0,3,22.35,442.0,,,,,0.0,0.0,0.0,0.0,0,0,0
78,78,Gabon,885.0,Christian,2551.0,3,25.05,377.0,0.346922775382203,"2923,2925,2926,2927,",,"45,2465,",4.0,0.0,4.0,2.0,4,0,2
79,79,Gambia,80.0,Islam,740.0,1,27.5,34.0,0.108108108108108,"2762,2923,2926,",,"2186,",3.0,0.0,3.0,1.0,3,0,1
80,80,Gaza Strip (Palestine),40.0,Unknown,2027.0,3,22.35,442.0,,,,,0.0,0.0,0.0,0.0,0,0,0
81,81,Georgia,310.0,Islam,1461.0,4,5.8,1432.0,0.212183436002738,"830,2876,2879,2882,2883,2925,2927,","1101,2218,2259,2271,2297,2805,2813,2821,2905,2906,","298,299,501,796,830,853,860,862,863,961,1696,1746,1770,1771,2200,2633,2821,2853,2855,2905,2906,",7.0,10.0,17.0,21.0,6,3,14
82,82,Germany,2439.0,Protestant,3621.0,9,8.4,263.0,0.673570836785418,"135,1847,1848,1849,2019,2076,2080,2093,2120,2123,2124,2127,2128,2130,2133,2134,2135,2137,2140,2141,2144,2149,2160,2173,2177,2183,2184,2189,2194,2201,2208,2238,2239,2240,2251,2257,2359,2363,2374,2389,2392,2393,2394,2395,2398,2418,2424,2427,2428,2429,2430,2432,2434,2445,2446,2462,2476,2478,2487,2491,2492,2497,2511,2517,2521,2535,2538,2540,2566,2574,2612,2620,2680,2723,2724,2734,2849,2852,2876,2877,2879,2881,2923,2926,2937,2939,2946,2951,","257,460,2121,2122,2125,2129,2132,2136,2138,2142,2143,2146,2147,2148,2150,2152,2153,2171,2179,2185,2188,2204,2206,2214,2215,2218,2222,2223,2225,2228,2229,2232,2234,2237,2243,2307,2385,2387,2390,2402,2405,2407,2409,2411,2412,2413,2414,2416,2417,2419,2420,2421,2423,2425,2433,2438,2447,2451,2463,2474,2479,2480,2488,2489,2490,2494,2496,2501,2504,2507,2513,2522,2523,2525,2526,2527,2531,2539,2556,2565,2569,2620,2715,2754,2770,2776,2915,2919,","445,478,488,489,491,493,502,504,512,518,520,521,522,524,525,526,530,533,548,566,569,578,628,682,684,707,737,789,835,940,966,972,974,976,977,1012,1023,1028,1045,1049,1050,1061,1118,1132,1179,1213,1219,2089,2307,2395,2463,2504,2565,2566,2569,2612,2867,",88.0,88.0,176.0,57.0,85,5,52
83,83,Ghana,539.0,Christian,2094.0,3,27.2,190.0,0.257402101241643,"187,2895,2899,2909,2910,2923,2926,","250,","68,142,500,1044,1225,1328,2204,2216,2337,2338,2363,2388,2486,2530,2821,",7.0,1.0,8.0,15.0,7,0,14
84,84,Gibraltar,12.0,Unknown,2027.0,3,22.35,442.0,,,,"463,784,1032,",0.0,0.0,0.0,3.0,0,0,3
85,85,Greece,13676.0,Islam,1228.0,4,15.4,498.0,11.1368078175896,"6,1943,1948,1951,2101,2104,2106,2108,2109,2114,2115,2117,2153,2196,2274,2438,2494,2513,2525,2573,2606,2793,2802,2876,2877,2879,2881,2917,2921,","1504,1519,1954,1992,1994,2118,2218,2271,2276,2289,2298,2299,2300,2304,2311,2432,2434,2573,2717,2722,","1,5,6,13,18,19,120,121,129,131,132,1116,1334,1338,1992,1994,2104,2108,2109,2115,2118,2196,2432,2433,2438,2573,",29.0,20.0,49.0,26.0,21,5,20
86,86,Greenland,44208.0,Roman Chatolic,1.0,0,-7.0,1792.0,44208.0,"257,2037,","2770,2771,","518,548,582,617,618,772,865,1007,2374,2490,2520,2770,2771,",2.0,2.0,4.0,13.0,2,2,10
87,87,Guatemala,525.5,Roman Chatolic,1687.0,4,23.45,759.0,0.311499703615886,"1523,1524,","2894,2898,","454,722,1472,2012,2102,2373,2445,2482,2534,2894,2898,",2.0,2.0,4.0,11.0,2,2,8
88,88,Guinea,320.0,Islam,3399.0,6,25.7,472.0,0.094145336863784,"2923,2926,","2132,2781,","248,670,1346,1819,2024,2093,2132,2144,2359,2442,2456,2464,2483,2502,2505,2514,2524,2532,2533,2541,2543,2553,2557,2562,2635,2645,2781,",2.0,2.0,4.0,27.0,2,2,22
89,89,Guinea-Bissau,350.0,Guinea-Bissau,724.0,2,26.75,70.0,0.483425414364641,,,"1819,2645,",0.0,0.0,0.0,2.0,0,0,1
90,90,Guyana,459.0,Christian,2462.0,3,26.0,207.0,0.186433793663688,"2621,2688,",,"2486,",2.0,0.0,2.0,1.0,2,0,1
91,91,Haiti,1771.0,Roman Chatolic,360.0,1,24.9,470.0,4.91944444444444,"919,1037,","1035,1036,1039,1444,1447,1448,1528,2182,2725,","492,633,1035,1036,1039,1349,1869,2169,2176,2182,",2.0,9.0,11.0,10.0,2,4,7
92,92,Heard Island and McDonald Islands,101.9,Unknown,2027.0,3,22.35,442.0,,,,,0.0,0.0,0.0,0.0,0,0,0
93,93,Honduras,832.0,Roman Chatolic,1520.0,3,23.5,684.0,0.547368421052632,"1523,1524,2652,2882,2883,","151,152,2687,2690,","424,454,892,2687,2690,2894,2898,",5.0,4.0,9.0,7.0,5,2,4
94,94,Hong Kong,733.0,Unknown,30.0,1,22.35,442.0,24.4333333333333,,,"1515,",0.0,0.0,0.0,1.0,0,0,1
95,95,Hungary,0.0,Roman Chatolic,2171.0,7,9.75,143.0,0.0,"284,374,645,676,1043,1481,1553,2124,2145,2151,2208,2380,2428,2446,2492,2517,2540,2620,2680,2793,2802,2876,2879,2882,2883,2923,2926,2937,2939,","210,211,315,478,645,646,1139,1482,2131,2139,2161,2162,2168,2175,2186,2187,2188,2195,2200,2203,2211,2216,2220,2223,2225,2230,2231,2243,2249,2606,","157,315,374,527,586,650,651,1346,1415,1473,1481,1482,1483,1484,1487,1488,1489,1494,1496,2151,2208,2211,2252,2270,2492,2516,2552,",29.0,30.0,59.0,27.0,24,3,23
96,96,Iceland,4970.0,Roman Chatolic,1.0,0,1.75,557.0,4970.0,"2876,2879,2882,2883,","137,","227,228,",4.0,1.0,5.0,2.0,4,0,2
97,97,India,7000.0,Hindu,14209.0,7,23.65,621.0,0.492645506369203,"2,24,485,593,762,771,890,901,1038,1040,1041,1042,1349,1416,1418,1424,1426,1428,1431,1432,1433,1434,1435,1436,1437,1440,1442,1443,1457,1492,1527,1529,1793,1824,1879,1901,1902,1913,1922,1924,1926,1934,1993,2035,2165,2167,2172,2175,2178,2187,2191,2202,2204,2207,2209,2213,2217,2223,2226,2232,2233,2255,2425,2436,2439,2447,2449,2458,2466,2506,2523,2582,2606,2633,2647,2653,2655,2659,2675,2676,2692,2693,2697,2698,2699,2769,2772,2773,2774,2784,2858,2865,2876,2877,2879,2881,2923,2926,2954,2957,","3,461,574,617,618,762,771,871,899,958,1345,1420,1455,1472,1537,1818,2127,2128,2183,2418,2445,2545,2618,2639,2643,2656,2843,2844,2870,2875,","40,88,295,298,299,325,613,614,726,752,798,861,897,900,903,923,1041,1043,1155,1182,1529,1635,1690,1865,1870,1876,1903,1932,1993,2452,2457,2582,2626,2633,2647,2653,2655,2659,2692,2693,2699,2773,",100.0,30.0,130.0,42.0,87,0,29
98,98,Indonesia,54716.0,Islam,2830.0,3,25.85,367.0,19.3342756183746,"2544,2545,2607,2635,2641,2686,2725,2727,2730,2877,2881,","2583,2584,2607,2640,2657,","1493,1851,2088,2123,2528,2544,2545,2576,2730,",11.0,5.0,16.0,9.0,8,0,4
99,99,Iran,2440.0,Islam,5440.0,7,17.25,1305.0,0.448529411764706,"2253,2330,2360,2508,2580,2642,2695,2748,2754,2833,2835,2882,2883,2884,2886,2888,2889,2915,2919,2937,2939,2941,2942,2946,2947,2948,2951,","20,955,2305,2324,2506,2620,2713,2752,2753,2756,2758,2775,2782,2783,2833,2835,2876,2879,2882,2883,2908,2911,","303,324,1254,1506,2100,2184,2713,2748,2752,2753,2754,2756,2758,2884,2888,",27.0,22.0,49.0,15.0,23,5,8
100,100,Iraq,58.0,Islam,3650.0,6,21.4,312.0,0.015890410958904,"2713,2714,2752,2753,2756,2758,2775,2782,2801,2882,2883,2915,2919,2937,2939,2946,2947,2948,2951,","2425,2580,2581,2669,2673,2686,2706,2709,2754,2790,2793,2794,2800,2802,2833,2835,2877,2881,2882,2883,2937,2939,2945,2946,2950,2951,2952,2953,","172,173,2167,2170,2202,2280,2324,2425,2644,2713,2737,2754,2756,2775,2790,2793,2794,2800,2801,2802,2809,2812,2833,2835,2871,2873,2882,2883,2884,2888,2940,2943,2946,2947,2948,2951,",19.0,28.0,47.0,36.0,9,13,11
101,101,Ireland,1448.0,Roman Chatolic,499.0,1,9.3,118.0,2.90180360721443,"190,191,192,434,448,451,588,592,1188,2876,2879,2923,2926,","214,215,555,1095,","212,213,214,215,434,540,653,654,656,658,660,751,988,1073,1257,1258,1259,1261,1646,1647,1678,2275,2792,2795,",13.0,4.0,17.0,24.0,12,2,17
102,102,Isle of Man,160.0,Unknown,2027.0,3,22.35,442.0,,,,,0.0,0.0,0.0,0.0,0,0,0
103,103,Israel,273.0,Judaism,1017.0,5,19.2,508.0,0.268436578171091,"2580,2581,2625,2669,2673,2677,2705,2706,2707,2708,2709,2710,2712,2729,2754,2764,2904,2907,2916,2920,2936,2938,2952,2953,","2672,2763,2850,2851,2884,2888,","1105,1494,2790,2793,2794,2802,2936,2938,",24.0,6.0,30.0,8.0,22,0,4
104,104,Italy,7600.0,Roman Chatolic,1932.0,6,13.45,538.0,3.93374741200828,"1115,1130,1139,1141,1167,1173,1180,1200,1213,1481,1807,1809,1815,1958,1980,1988,2019,2096,2097,2153,2161,2162,2168,2181,2200,2203,2204,2220,2221,2223,2230,2231,2249,2347,2353,2354,2355,2356,2357,2359,2361,2381,2418,2428,2434,2445,2446,2474,2478,2488,2494,2523,2606,2790,2793,2794,2802,2849,2852,2876,2877,2879,2881,2882,2883,2917,2921,2923,2926,2937,2939,2946,2951,","119,1043,1060,1156,1189,1223,1247,1798,1982,1983,1992,2208,2218,2267,2271,2277,2279,2373,2400,2401,2402,2404,2410,2423,2425,2435,2436,2437,2438,2447,2455,2480,2941,2942,","25,29,30,31,32,33,34,35,36,37,39,43,44,46,47,48,50,51,52,54,55,56,58,59,60,61,63,64,66,67,69,70,71,72,73,74,76,77,78,79,80,81,83,84,85,86,89,90,91,92,93,94,97,99,100,101,102,118,124,216,217,237,238,243,292,300,301,304,308,310,311,313,316,318,319,320,323,326,327,329,330,331,333,334,339,344,347,353,356,358,365,369,373,377,380,385,387,390,397,402,403,411,417,429,433,437,501,528,531,628,640,669,690,721,722,730,741,956,959,960,961,962,963,964,968,969,973,978,999,1005,1007,1008,1015,1019,1021,1054,1060,1188,1306,1307,1308,1309,1310,1311,1315,1491,1542,1544,1546,1553,2203,2220,2231,2249,2404,2474,2501,2522,2523,",73.0,34.0,107.0,159.0,67,2,152
105,105,Jamaica,1022.0,Protestant,1.0,0,24.95,340.0,1022.0,"2770,2771,2912,2913,",,"611,1811,2912,2913,",4.0,0.0,4.0,4.0,2,0,2
106,106,Jan Mayen,124.1,Unknown,2027.0,3,22.35,442.0,,,,,0.0,0.0,0.0,0.0,0,0,0
107,107,Japan,29751.0,Buddhist,1.0,0,11.15,438.0,29751.0,"1829,1855,1857,1861,1868,1869,1871,1877,1880,1890,1974,1975,1977,1979,1981,2019,2046,2062,2063,2064,2065,2066,2068,2069,2070,2071,2072,2073,2074,2077,2078,2079,2081,2153,2334,2444,2457,2475,2516,2574,2686,2877,2881,2882,2883,2923,2926,","431,2218,2309,2335,2337,2338,2348,2363,2365,2366,2367,2368,2369,2372,2376,2377,2378,2379,2384,2388,2396,2397,2408,2431,2439,2440,2441,2442,2443,2448,2449,2450,2452,2453,2454,2456,2458,2459,2460,2461,2464,2465,2466,2467,2468,2469,2470,2471,2472,2473,2477,2481,2482,2483,2484,2485,2486,2493,2500,2502,2503,2505,2509,2510,2512,2514,2515,2518,2519,2520,2524,2528,2529,2530,2532,2533,2534,2537,2541,2542,2543,2544,2546,2548,2549,2550,2551,2552,2554,2555,2558,2559,2560,2561,2563,2564,2567,2568,2570,2620,","223,224,259,342,349,351,361,393,400,532,658,1002,1083,1182,1705,1737,1829,1868,1869,1871,1877,1880,1890,2062,2334,2362,2550,2555,2567,2576,2585,2606,",47.0,100.0,147.0,32.0,38,3,19
108,108,Jersey,70.0,Unknown,2027.0,3,22.35,442.0,,,,"821,839,841,842,845,848,858,872,",0.0,0.0,0.0,8.0,0,0,8
109,109,Jordan,26.0,Islam,1635.0,5,18.3,920.0,0.015902140672783,"2334,2642,2691,2756,2876,2879,2917,2921,2937,2939,","2638,2669,2673,2677,2706,2709,2886,2889,2915,2919,2941,2942,","1284,1455,1690,2212,2245,2691,2884,2888,",10.0,12.0,22.0,8.0,9,0,5
110,110,Kazakhstan,0.0,Islam,12012.0,5,6.4,387.0,0.0,"2877,2881,2882,2883,","340,","340,348,355,359,366,370,371,378,379,383,388,391,394,401,404,418,430,2617,2657,",4.0,1.0,5.0,19.0,4,1,17
111,111,Kenya,536.0,Protestant,3477.0,5,24.75,762.0,0.154155881507046,"2877,2881,2909,2910,2914,2918,",,"676,697,1061,1372,2079,2516,2909,2910,2931,2933,",6.0,0.0,6.0,10.0,4,0,6
112,112,Kiribati,1143.0,Roman Chatolic,1.0,0,28.2,442.0,1143.0,,,,0.0,0.0,0.0,0.0,0,0,0
113,113,Kosovo,0.0,Unknown,701.0,4,22.35,800.0,0.0,,"2854,","252,292,2059,2111,2113,2488,2849,2852,2861,2872,2874,",0.0,1.0,1.0,11.0,0,0,6
114,114,Kuwait,499.0,Islam,462.0,2,25.35,108.0,1.08008658008658,"2324,2756,2790,2793,2794,2802,2882,2883,2937,2939,","2669,2709,2754,2801,2941,2942,","1980,2202,2324,2790,2793,2794,2801,2802,",10.0,6.0,16.0,8.0,5,1,5
115,115,Kyrgyzstan,0.0,Islam,3878.0,4,1.55,2988.0,0.0,"2877,2881,",,,2.0,0.0,2.0,0.0,2,0,0
116,116,Laos,0.0,Buddhist,5083.0,5,22.8,710.0,0.0,"2662,2681,","2169,2176,2620,2630,","784,1148,1293,2050,2620,2630,",2.0,4.0,6.0,6.0,2,2,3
117,117,Latvia,498.0,Roman Chatolic,1150.0,4,5.6,87.0,0.43304347826087,"1853,1870,1891,2218,2254,2255,2261,2876,2879,2882,2883,2925,2927,","1797,2254,2255,2264,","25,444,450,460,505,513,516,686,687,1170,1334,2238,2254,2255,2261,",13.0,4.0,17.0,15.0,10,2,12
118,118,Lebanon,225.0,Islam,454.0,2,16.4,1250.0,0.495594713656388,"2764,2901,2902,","2580,2581,2673,2763,","216,217,956,1095,1434,1468,1555,1561,2114,2286,2316,2763,2764,",3.0,4.0,7.0,13.0,2,1,11
119,119,Lesotho,0.0,Christian,909.0,1,11.85,2161.0,0.0,,,"533,621,2035,2192,2198,",0.0,0.0,0.0,5.0,0,0,3
120,120,Liberia,579.0,Christian,1585.0,3,25.3,243.0,0.365299684542587,"115,1374,1376,1533,2786,2923,2926,","118,129,2786,2807,2810,","766,1341,1562,2260,2282,2284,2362,2751,2786,",7.0,5.0,12.0,9.0,6,1,8
121,121,Libya,1770.0,Islam,4348.0,6,21.8,423.0,0.407083716651334,"257,2754,2755,2777,2786,2850,2851,2917,2921,","2669,2686,2709,2715,2731,2738,2742,2756,2770,2778,2917,2921,","249,1108,1156,1313,1798,2069,2072,2097,2181,2437,2445,2447,2731,2778,2917,2921,",9.0,12.0,21.0,16.0,7,4,12
122,122,Liechtenstein,0.0,Roman Chatolic,76.0,2,5.65,442.0,0.0,"1043,",,,1.0,0.0,1.0,0.0,1,0,0
123,123,Lithuania,90.0,Roman Chatolic,1273.0,4,6.2,110.0,0.07069913589945,"223,224,257,302,367,409,425,444,450,460,467,469,470,486,508,509,513,514,516,606,615,616,630,646,671,927,928,2218,2308,2876,2879,2882,2883,","34,457,503,515,591,602,604,605,645,680,686,688,2268,","302,462,513,516,603,606,630,686,696,697,924,950,1361,2158,",33.0,13.0,46.0,14.0,28,1,11
124,124,Luxembourg,0.0,Roman Chatolic,359.0,3,8.65,325.0,0.0,"235,236,2504,2525,2606,2849,2852,2876,2879,2925,2927,","2418,","124,523,1749,1844,2139,2504,",11.0,1.0,12.0,6.0,10,0,4
125,125,Macau,41.0,Unknown,0.34,1,22.35,442.0,120.588235294118,,,"490,",0.0,0.0,0.0,1.0,0,0,1
126,126,Macedonia,0.0,Islam,766.0,5,9.8,741.0,0.0,"16,18,19,21,22,23,24,98,147,148,149,150,160,161,162,163,257,2872,2874,2876,2879,2882,2883,","103,104,105,107,108,109,110,111,112,113,114,116,117,645,2853,2855,","0,3,4,129,151,152,664,814,946,1062,1093,1176,1190,1200,1544,1985,2103,2107,2111,2113,2119,2826,2872,2874,",23.0,16.0,39.0,24.0,21,0,20
127,127,Madagascar,4828.0,Madagascar,1.0,0,22.65,442.0,4828.0,"2237,","2418,",,1.0,1.0,2.0,0.0,1,0,0
128,128,Malawi,252.8,Christian,2881.0,3,21.9,779.0,0.087747309961819,"2895,2899,2922,2928,","1411,","26,157,694,799,1409,1828,2010,2014,2033,2560,2631,2952,2953,",4.0,1.0,5.0,13.0,4,0,8
129,129,Malaysia,4675.0,Islam,3147.0,3,25.4,538.0,1.48554178582777,"2640,2641,2686,2825,2876,2877,2879,2881,2931,2933,","2620,2686,","762,2099,2112,2400,2457,2458,2583,2641,2647,2870,2875,",10.0,2.0,12.0,11.0,9,0,6
130,130,Mali,644.0,Islam,7243.0,7,28.25,1.8,0.088913433660086,"34,95,135,1203,2580,2784,2900,2903,2923,2926,","119,","284,642,689,1359,1493,2088,2358,2467,2784,2900,2903,2923,2926,",10.0,1.0,11.0,13.0,5,0,6
131,131,Marshall Islands,370.4,Protestant,1.0,0,27.4,442.0,370.4,,,"2512,2518,",0.0,0.0,0.0,2.0,0,0,2
132,132,Mauritania,931.0,Islam,5074.0,4,27.65,276.0,0.183484430429641,"34,601,722,745,1043,1542,1544,1546,1550,1553,2506,","272,273,725,956,968,1139,","143,196,197,257,309,669,729,1442,1974,2062,2064,2065,2066,2068,2069,2071,2073,2074,2079,2081,2329,2404,2548,2550,2579,",11.0,6.0,17.0,25.0,11,0,21
133,133,Mexico,9330.0,Roman Chatolic,4353.0,3,21.0,1111.0,2.14334941419711,"1339,1343,1382,1388,1390,1391,1392,1394,1397,1438,1599,1726,2095,2317,2554,2894,2898,","1379,1380,1381,1387,1408,1450,1451,1452,1453,1454,1458,1459,1460,1461,1462,1463,1464,1465,1466,1467,1468,1469,1471,1549,2156,2331,2359,","272,273,1021,1160,1233,1408,1460,1461,1462,1463,1465,1467,1530,1533,1549,1564,1565,1580,1599,1608,1615,1623,1640,1726,1772,1811,1921,1927,2098,2156,2262,2317,2331,2894,2898,",17.0,27.0,44.0,35.0,12,10,27
134,134,"Micronesia, Federated States of",6112.0,Unknown,2027.0,3,22.35,442.0,,,,,0.0,0.0,0.0,0.0,0,0,0
135,135,Moldova,0.0,Orthodox,1389.0,2,9.45,139.0,0.0,"243,284,630,645,1360,2882,2883,","317,486,2815,2819,","807,913,968,1008,1247,1335,2815,2819,",7.0,4.0,11.0,8.0,7,2,6
136,136,Mongolia,0.0,Buddhist,8220.0,2,-0.7,1528.0,0.0,"257,1203,2348,2396,2550,2876,2879,2882,2883,",,"2218,2348,2396,2550,2631,",9.0,0.0,9.0,5.0,6,0,3
137,137,Montenegro,333.5,Roman Chatolic,625.0,5,10.55,1086.0,0.5336,"971,1043,1500,1536,1863,1865,1878,2106,2117,2153,2267,2876,2879,","1351,2119,2267,","971,1062,1183,1453,1500,1536,1546,1863,1865,2523,2761,",13.0,3.0,16.0,11.0,8,0,9
138,138,Morocco,2949.1,Roman Chatolic,2022.4,4,17.1,909.0,1.45821795886076,"2237,2407,2735,2793,2802,2908,2911,2923,2926,2937,2939,","1445,1446,1543,1818,1850,2418,2626,2669,2706,2709,2801,2886,2889,2915,2919,2941,2942,","396,410,470,1445,1446,1543,2126,2155,2278,2295,2314,2359,2626,",11.0,17.0,28.0,13.0,11,4,6
139,139,Mozambique,2470.0,Islam,4571.0,6,23.8,345.0,0.540363159046161,"2738,2945,2950,","2727,","868,869,881,2648,2945,2950,",3.0,1.0,4.0,6.0,1,0,3
140,140,Myanmar,1930.0,Buddhist,5876.0,5,13.05,702.0,0.328454731109598,"2836,","190,","1177,2075,2584,2836,",1.0,1.0,2.0,4.0,0,0,3
141,141,Namibia,1572.0,Christian,3936.0,4,19.95,1141.0,0.399390243902439,"2923,2926,","69,2776,2847,2848,","168,169,2661,",2.0,4.0,6.0,3.0,2,0,2
142,142,Nauru,30.0,Christian,1.0,0,22.35,442.0,30.0,,,,0.0,0.0,0.0,0.0,0,0,0
143,143,Navassa Island,8.0,Unknown,2027.0,3,22.35,442.0,,,,,0.0,0.0,0.0,0.0,0,0,0
144,144,Nepal,0.0,Hindu,2926.0,2,8.1,3265.0,0.0,"2583,2923,2926,","2843,2844,","914,1448,2843,2844,",3.0,2.0,5.0,4.0,3,2,2
145,145,Netherlands,451.0,Roman Chatolic,1037.0,3,9.25,30.0,0.434908389585342,"912,1043,1299,1319,1493,1705,2407,2409,2411,2412,2419,2420,2421,2449,2452,2454,2459,2460,2461,2465,2467,2468,2469,2471,2472,2481,2490,2525,2533,2543,2549,2568,2606,2793,2802,2849,2852,2876,2877,2879,2881,2882,2883,2917,2921,2923,2925,2926,2927,2937,2939,2946,2951,","1312,1314,1365,2418,2544,2635,2915,2919,","53,413,455,458,492,495,528,535,573,610,626,657,666,691,695,912,925,932,951,1011,1139,1231,1300,1313,1314,1449,2409,2411,2412,2419,2421,2510,2549,2568,",53.0,8.0,61.0,34.0,45,1,30
146,146,New Caledonia,2254.0,Unknown,2027.0,3,22.35,442.0,,,,"475,528,626,628,670,674,704,885,953,1093,1102,1142,1161,1452,1468,1613,1641,1818,1850,2894,2898,",0.0,0.0,0.0,21.0,0,0,15
147,147,New Zealand,15134.0,Roman Chatolic,1.0,0,10.55,388.0,15134.0,"1275,1327,1703,1751,2035,2158,2159,2163,2165,2172,2175,2187,2191,2204,2207,2209,2216,2223,2226,2233,2245,2385,2433,2438,2482,2513,2520,2523,2525,2555,2556,2583,2606,2658,2663,2664,2667,2671,2674,2682,2696,2793,2802,2876,2877,2879,2881,2882,2883,","1554,2432,2434,2620,","1302,1449,1751,2491,2647,",49.0,4.0,53.0,5.0,48,0,2
148,148,Nicaragua,910.0,Roman Chatolic,1231.0,2,24.9,298.0,0.739236393176279,"1524,2319,2320,2321,2322,2323,2327,2342,2343,2652,2882,2883,","1523,2076,2099,2690,","1523,1524,2099,2112,2318,2319,2320,2321,2322,2323,2326,2327,2342,2343,2894,2898,",12.0,4.0,16.0,16.0,3,2,12
149,149,Niger,64.0,Islam,5697.0,7,27.15,474.0,0.011233982797964,"2150,2171,2678,2793,2802,2895,2899,2900,2903,2909,2910,2923,2926,","2900,2903,","203,204,501,777,956,2149,2171,2678,2900,2903,",13.0,2.0,15.0,10.0,9,2,6
150,150,Nigeria,853.0,Islam,4047.0,4,26.8,380.0,0.21077341240425,"2150,2171,2678,2895,2899,2909,2910,2923,2926,",,"203,204,501,956,2171,2678,",9.0,0.0,9.0,6.0,7,0,4
151,151,Norfolk Island,32.0,Unknown,2027.0,3,22.35,442.0,,,,,0.0,0.0,0.0,0.0,0,0,0
152,152,North Korea,2495.0,Unknown,1673.0,3,5.7,400.0,1.49133293484758,"820,2589,2620,2734,2747,2754,2877,2881,2886,2889,2941,2942,","2580,2585,2590,2591,2592,2593,2594,2595,2596,2597,2598,2599,2600,2601,2602,2603,2604,2606,2610,2715,2776,2908,2911,","599,622,624,625,628,629,632,679,723,809,820,878,883,979,1043,1245,1259,1270,1601,1611,1629,1662,1666,1667,1673,1679,1686,1692,1706,1717,1720,1758,1761,1762,1763,1794,1802,2138,2179,2185,2206,2408,2551,2585,2592,2598,2599,2600,2606,2615,2922,2928,",12.0,23.0,35.0,52.0,11,6,43
153,153,Northern Mariana Islands,1482.0,Unknown,2027.0,3,22.35,442.0,,,,"2529,2537,",0.0,0.0,0.0,2.0,0,0,2
154,154,Norway,83281.0,Roman Chatolic,2551.0,3,1.5,460.0,32.6464131713054,"212,213,1188,1256,1262,1263,1265,1273,2413,2414,2416,2417,2490,2525,2606,2686,2793,2802,2849,2852,2859,2863,2876,2879,2882,2883,2917,2921,","194,","193,194,195,269,300,471,620,718,1085,1089,1256,1262,1263,1265,1273,1491,2413,2414,2416,",28.0,1.0,29.0,19.0,20,1,18
155,155,Oman,2092.0,Hindu,1374.0,3,25.6,310.0,1.52256186317322,"2618,2642,2704,2793,2802,","2253,2618,","2011,2353,2591,2618,2642,2704,2732,2734,",5.0,2.0,7.0,8.0,2,1,5
156,156,Pakistan,1046.0,Islam,6774.0,4,20.2,900.0,0.154413935636256,"2656,2754,2789,2793,2802,2825,2859,2863,2877,2881,2937,2939,","1704,2478,2581,2653,2655,2659,2692,2693,2697,2698,2699,2772,2774,2858,2865,2876,2879,","24,1268,1369,2631,2653,2655,2656,2692,2693,2699,2827,2830,2859,2860,2863,2868,",12.0,17.0,29.0,16.0,9,5,5
157,157,Palestine,0.0,Islam,466.0,3,22.35,442.0,0.0,"2360,","34,257,262,2508,2742,","581,712,818,870,1586,1654,2032,2141,2204,2209,2216,2217,2226,2232,2267,2360,2508,2580,2581,",1.0,5.0,6.0,19.0,0,1,15
158,158,Panama,2490.0,Roman Chatolic,555.0,2,25.4,360.0,4.48648648648649,"2787,2788,","1537,1539,2301,2787,2788,","6,449,798,1908,2301,2787,2788,",2.0,5.0,7.0,7.0,0,3,5
159,159,Papua New Guinea,5152.0,Roman Chatolic,820.0,1,25.25,667.0,6.28292682926829,,"2132,2781,","2093,2132,2442,2456,2464,2505,2514,2532,2533,2543,2553,2557,2562,2635,2645,2781,",0.0,2.0,2.0,16.0,0,2,12
160,160,Paraguay,1519.0,Roman Chatolic,3920.0,3,27.6,178.0,0.3875,"1768,1805,1808,1816,1820,1826,1835,1836,2339,2652,","262,1159,1753,1791,1832,2341,2344,2345,","484,580,703,764,950,1078,1159,1753,1816,1820,1826,1832,1835,1836,2473,",10.0,8.0,18.0,15.0,5,3,14
161,161,Peru,2414.0,Roman Chatolic,5536.0,5,19.6,1555.0,0.436054913294798,"1342,1346,1415,1914,2426,","0,24,98,1169,1209,1220,1241,1346,1357,1413,1414,1813,1814,1906,1911,1916,1917,1918,1925,1973,2340,","29,31,35,36,37,39,43,44,47,48,50,52,54,55,58,59,60,63,67,70,71,74,77,78,79,80,83,85,89,91,94,97,99,101,254,1308,1342,1346,1357,1413,1484,1813,1906,1911,1925,1973,",5.0,21.0,26.0,46.0,3,8,43
162,162,Philippines,36289.0,Roman Chatolic,1.0,0,25.85,442.0,36289.0,"229,230,476,477,496,2022,2036,2443,2450,2503,2510,2554,2558,2559,2560,2564,2570,2606,2686,2792,2793,2795,2802,2878,2880,2882,2883,2930,2934,2952,2953,","237,238,2010,2018,2021,2024,2025,2030,2033,2075,2444,2563,2620,2630,","129,476,477,496,752,799,1985,1986,1987,1991,1995,2010,2012,2021,2022,2024,2025,2029,2036,2054,2075,2443,2444,2510,2542,2561,2563,2570,2623,2686,2792,2795,2878,2880,2930,2934,2952,2953,",31.0,14.0,45.0,38.0,14,7,26
163,163,Pitcairn Islands,51.0,Unknown,2027.0,3,22.35,442.0,,,,,0.0,0.0,0.0,0.0,0,0,0
164,164,Poland,440.0,Roman Chatolic,2788.0,7,7.85,173.0,0.157819225251076,"257,271,275,276,280,281,282,284,285,287,289,302,413,511,586,654,655,671,684,691,946,947,1139,1362,1363,1366,1367,1368,2075,2254,2256,2266,2272,2287,2288,2290,2291,2292,2387,2390,2416,2490,2523,2525,2565,2574,2620,2624,2680,2793,2802,2876,2879,2882,2883,2895,2899,2909,2910,2923,2925,2926,2927,","249,315,645,663,667,1043,1364,2143,2146,2218,2281,2293,2383,2389,2392,2393,2394,2395,2398,2418,2540,2606,","241,249,254,257,271,275,276,280,281,282,285,287,289,453,503,505,509,514,515,536,538,564,589,591,604,605,616,638,671,680,688,689,692,699,711,719,727,733,740,743,757,759,775,792,794,801,927,928,948,1068,1361,1362,1364,1366,1367,1368,1379,1477,1680,1749,1800,2124,2130,2134,2143,2151,2177,2256,2288,2291,2292,2387,2389,2390,2392,2393,2395,2398,2499,2531,2540,",63.0,22.0,85.0,81.0,42,9,72
165,165,Portugal,1793.0,Roman Chatolic,1214.0,1,15.15,372.0,1.47693574958814,"223,224,251,268,286,452,497,498,519,612,619,623,752,800,802,1032,1043,1070,1127,1146,1148,1150,1158,1188,1244,1247,1255,2153,2157,2223,2359,2471,2481,2723,2849,2852,2876,2877,2879,2881,2882,2883,2917,2921,2923,2925,2926,2927,","410,500,577,583,701,703,704,943,953,1077,1079,1129,1147,1151,1152,1154,1157,1164,1166,1194,1195,1197,1198,1200,1232,1235,1242,1245,1271,1287,1340,2092,2633,2636,2645,2843,2844,","251,268,415,420,452,461,517,612,623,720,800,1077,1079,1127,1129,1146,1147,1157,1164,1377,2092,",48.0,37.0,85.0,21.0,40,7,19
166,166,Puerto Rico,501.0,Unknown,2027.0,3,22.35,442.0,,"1996,2006,2007,2008,2009,2013,",,"454,1342,1996,1999,2006,2007,2008,2009,2012,2013,",6.0,0.0,6.0,10.0,0,0,9
167,167,Qatar,563.0,Islam,60.0,1,27.15,28.0,9.38333333333333,"2253,2790,2793,2794,2802,2917,2921,2946,2951,","810,2876,2879,2892,2897,2904,2907,2915,2919,2941,2942,","310,318,323,330,334,1553,",9.0,11.0,20.0,6.0,9,0,6
168,168,Romania,225.0,Protestant,3967.0,8,8.8,414.0,0.056717922863625,"132,136,137,138,140,237,238,1878,1898,2117,2153,2188,2270,2428,2446,2540,2620,2876,2879,2882,2883,2917,2921,2923,2925,2926,2927,2946,2951,","132,134,135,2218,2403,2492,2606,2815,2819,2915,2919,","38,119,277,278,284,892,922,1479,1481,1534,1552,2188,2256,2260,2284,2429,",29.0,11.0,40.0,16.0,28,0,12
169,169,Russia,37653.0,Christian,20017.0,17,-5.1,600.0,1.88105110655942,"340,348,355,359,366,370,371,378,379,383,388,391,394,396,401,404,418,430,608,679,684,690,695,700,724,725,727,734,736,737,752,754,757,758,759,760,764,766,767,768,770,772,775,780,785,794,796,797,801,804,807,808,810,905,911,913,914,921,922,924,1019,1043,1044,1071,1074,1103,1140,1143,1165,1170,1172,1175,1177,1178,1184,1188,1189,1193,1196,1202,1204,1206,1223,1226,1251,1276,1285,1353,1358,1360,1361,1364,1479,1495,1501,1502,1514,1750,1799,1800,1801,1804,1837,1838,1841,1843,1844,1878,1881,1883,1884,1887,1892,1894,1896,1897,1898,1899,1900,1983,2019,2046,2139,2153,2174,2175,2186,2197,2211,2214,2218,2221,2227,2243,2255,2258,2271,2273,2276,2281,2293,2296,2297,2370,2805,2813,2815,2819,2832,2834,2859,2860,2863,2867,2868,2869,2877,2881,2905,2906,2915,2919,2937,2939,2945,2950,","367,392,459,467,469,470,595,603,609,615,616,678,681,687,689,692,693,694,696,697,699,709,710,725,752,760,763,768,769,775,780,785,788,789,792,907,908,909,910,915,916,917,927,928,946,947,948,950,1005,1009,1010,1011,1014,1015,1043,1053,1057,1058,1061,1068,1069,1072,1073,1075,1080,1081,1083,1084,1086,1088,1090,1092,1094,1105,1107,1167,1168,1170,1173,1179,1180,1181,1185,1186,1189,1207,1213,1231,1236,1238,1250,1252,1253,1268,1279,1280,1281,1282,1283,1284,1288,1290,1292,1293,1294,1295,1296,1300,1313,1314,1362,1363,1366,1367,1368,1481,1483,1484,1486,1503,1504,1506,1507,1508,1509,1510,1511,1516,1519,2062,2063,2064,2065,2066,2068,2069,2070,2071,2072,2073,2074,2077,2078,2079,2081,2124,2130,2134,2135,2141,2144,2151,2177,2181,2210,2224,2227,2244,2246,2250,2254,2255,2257,2260,2263,2264,2265,2266,2272,2284,2287,2288,2290,2291,2292,2827,2830,2850,2851,2861,2876,2879,2915,2919,","340,348,355,359,366,370,371,378,379,383,388,391,392,394,401,404,418,430,505,509,514,683,767,783,810,917,1073,1146,1167,1168,1172,1181,1185,1186,1251,1364,1506,1509,1511,1516,1519,1801,1839,2124,2130,2135,2144,2210,2218,2227,2250,2255,2260,2266,2282,2284,2296,2376,2391,2462,2487,2827,2830,2859,2863,",166.0,184.0,350.0,65.0,137,26,52
170,170,Rwanda,0.0,Roman Chatolic,893.0,4,17.85,1598.0,0.0,"2842,2846,2923,2926,","2791,2796,2842,2846,2885,2887,2922,2928,2932,2935,","1732,2791,2796,2885,2887,",4.0,10.0,14.0,5.0,4,4,1
171,171,S. Sudan,0.0,Unknown,4797.0,6,22.35,442.0,0.0,"2932,2935,","2924,2929,","2621,2932,2935,",2.0,2.0,4.0,3.0,0,0,0
172,172,Saint Barthélemy,0.0,Unknown,2027.0,3,22.35,442.0,,,,,0.0,0.0,0.0,0.0,0,0,0
173,173,"Saint Helena, Ascension and Tristan da Cunha",94.0,Unknown,2027.0,3,22.35,442.0,,,,,0.0,0.0,0.0,0.0,0,0,0
174,174,Saint Kitts and Nevis,135.0,Unknown,1.0,0,24.5,442.0,135.0,"2770,",,,1.0,0.0,1.0,0.0,1,0,0
175,175,Saint Lucia,158.0,Unknown,1.0,0,25.5,442.0,158.0,"2770,2771,",,"850,",2.0,0.0,2.0,1.0,2,0,1
176,176,Saint Martin,58.9,Unknown,2027.0,3,22.35,442.0,,,,,0.0,0.0,0.0,0.0,0,0,0
177,177,Saint Pierre and Miquelon,120.0,Unknown,2027.0,3,22.35,442.0,,,,,0.0,0.0,0.0,0.0,0,0,0
178,178,Saint Vincent and the Grenadines,84.0,Unknown,1.0,0,26.8,442.0,84.0,"2770,2771,",,,2.0,0.0,2.0,0.0,2,0,0
179,179,San Marino,0.0,Roman Chatolic,39.0,1,11.85,442.0,0.0,,,,0.0,0.0,0.0,0.0,0,0,0
180,180,Saudi Arabia,2640.0,Islam,4431.0,7,24.65,665.0,0.595802301963439,"19,2346,2727,2745,2756,2789,2790,2793,2794,2802,2908,2911,2941,2942,","2580,2581,2638,2669,2709,2754,2801,2876,2879,2886,2889,2915,2919,2941,2942,2947,2948,","147,148,153,154,158,159,160,161,307,1106,2060,2067,2346,2545,2745,2790,2793,2794,2802,2908,2911,2941,2942,",14.0,17.0,31.0,23.0,4,2,13
181,181,Senegal,531.0,Islam,2640.0,5,27.85,69.0,0.201136363636364,"2762,2793,2802,2923,2926,","30,33,46,51,56,61,64,66,72,73,76,81,84,86,90,92,93,102,803,811,837,2309,2506,2941,2942,","676,2350,2762,",5.0,25.0,30.0,3.0,4,0,2
182,182,Serbia,0.0,Roman Chatolic,2027.0,8,10.55,473.0,0.0,"3,662,673,676,714,715,1043,1047,1063,1119,1316,1864,1878,2103,2106,2107,2111,2113,2116,2117,2131,2153,2816,","252,1043,1952,1955,1956,2119,2145,2218,2806,2814,2818,2820,2826,2838,2840,","627,652,662,673,676,1044,1298,1864,1952,1955,2145,2218,2219,2403,2849,2852,",23.0,15.0,38.0,16.0,19,4,10
183,183,Seychelles,491.0,Roman Chatolic,1.0,0,27.15,442.0,491.0,"2877,2881,",,,2.0,0.0,2.0,0.0,2,0,0
184,184,Sierra Leone,402.0,Islam,958.0,2,26.05,279.0,0.419624217118998,"223,224,2807,2810,2909,2910,2923,2926,",,"1512,1564,2807,2810,",8.0,0.0,8.0,4.0,6,0,2
185,185,Singapore,193.0,Buddhist,1.0,0,26.45,15.0,193.0,"2793,2802,2876,2877,2879,2881,2882,2883,",,"2466,2583,",8.0,0.0,8.0,2.0,8,0,1
186,186,Sint Maarten,0.0,Unknown,2027.0,3,22.35,442.0,,,,,0.0,0.0,0.0,0.0,0,0,0
187,187,Slovakia,0.0,Roman Chatolic,1524.0,5,6.8,458.0,0.0,"2428,2446,2876,2879,2882,2883,","2380,","646,1484,1488,2252,",6.0,1.0,7.0,4.0,6,0,3
188,188,Slovenia,46.6,Catholic,1334.0,4,8.9,492.0,0.034932533733134,"2328,2329,2370,2372,2376,2382,2383,2396,2403,2405,2423,2463,2479,2499,2546,2548,2565,2574,2612,2617,2620,2630,2680,2723,2724,2732,2756,2797,2804,2876,2879,","2359,2386,2391,2415,2424,2427,2428,2429,2446,2462,2487,2492,2495,2517,2521,2535,2536,2538,2540,2566,2573,2583,2606,2677,2689,2715,2750,2789,","425,767,792,852,860,931,1335,1503,1956,2059,2161,2162,2168,2208,2463,2540,2689,2797,2804,2838,",31.0,28.0,59.0,20.0,28,2,15
189,189,Solomon Is.,5313.0,Roman Chatolic,1.0,0,25.65,442.0,5313.0,"2482,",,"2442,2473,2781,",1.0,0.0,1.0,3.0,1,0,2
190,190,Somalia,3025.0,Islam,2340.0,3,27.05,410.0,1.29273504273504,"2877,2881,2895,2899,2909,2910,2914,2918,","2732,2734,2909,2910,","1077,1164,1514,1537,1958,2386,2895,2899,2909,2910,2914,2918,",8.0,4.0,12.0,12.0,2,2,6
191,191,South Africa,2798.0,Christian,4862.0,6,17.75,1034.0,0.575483340189223,"830,1552,1930,1969,2123,2154,2157,2173,2175,2209,2223,2226,2359,2488,2494,2513,2523,2531,2606,2736,2776,2807,2810,2922,2923,2925,2926,2927,2928,","1923,1929,2017,2023,2026,2027,2028,2034,2035,2037,2039,2040,2041,2042,2043,2049,2051,2055,2056,2123,2173,2184,2194,2445,2636,2661,2723,","752,800,813,859,864,866,870,873,875,876,880,886,889,891,1043,1044,1203,1406,1407,1586,1654,1681,1693,1796,1915,1919,1929,2016,2017,2028,2035,2042,2049,2055,2056,2076,2123,2152,2154,2173,2309,2333,2339,2385,2399,2828,2831,2877,2881,",29.0,27.0,56.0,49.0,26,10,33
192,192,South Georgia and the South Sandwich Islands,0.0,Unknown,2027.0,3,22.35,442.0,,,,,0.0,0.0,0.0,0.0,0,0,0
193,193,South Korea,2413.0,Unknown,704.0,3,11.5,282.0,3.42755681818182,"1806,2187,2583,2585,2592,2595,2596,2597,2599,2600,2602,2603,2606,2608,2610,2614,2615,2682,2727,2732,2734,2754,2793,2802,2805,2813,2876,2877,2879,2881,2882,2883,2905,2906,","1846,2589,2620,2747,","635,1070,1352,1788,1861,1875,1891,1961,1968,1974,2077,2550,2582,2590,2591,2592,2593,2594,2596,2597,2603,2604,2608,2614,2620,2737,2904,2905,2906,2907,2940,2943,",34.0,4.0,38.0,32.0,26,1,16
194,194,Spain,4964.0,Roman Chatolic,1918.0,5,13.3,660.0,2.5881126173097,"310,318,321,323,330,334,420,439,449,452,456,472,475,476,477,496,501,519,537,547,611,640,701,703,704,721,725,729,730,731,741,742,811,854,868,871,877,882,893,919,1043,1055,1062,1064,1067,1070,1101,1124,1145,1158,1188,1203,1242,1247,1255,1378,1398,1409,1543,1813,1814,1834,1998,1999,2004,2278,2314,2626,2793,2802,2849,2852,2876,2877,2879,2881,2882,2883,2917,2921,2923,2925,2926,2927,","311,332,338,341,343,345,346,350,352,354,357,360,362,363,364,368,372,375,376,381,384,386,389,395,399,405,406,407,408,412,413,414,416,419,421,423,426,428,432,434,435,436,438,440,441,442,445,447,448,451,455,458,463,478,526,527,531,535,546,556,573,582,600,610,612,619,623,628,633,641,644,657,666,668,669,670,683,690,691,698,701,702,703,716,717,719,720,726,748,752,799,800,802,867,892,902,934,943,953,980,1032,1034,1043,1048,1076,1078,1082,1093,1096,1097,1098,1099,1100,1102,1109,1113,1114,1117,1121,1123,1125,1126,1128,1135,1136,1141,1142,1152,1153,1154,1160,1161,1166,1189,1191,1198,1232,1235,1242,1245,1254,1271,1274,1287,1336,1341,1342,1359,1378,1398,1409,1443,1537,1539,1553,1580,1702,1978,1997,2000,2001,2002,2003,2005,2012,2014,2295,2350,2358,2362,2506,2620,2941,2942,","88,128,524,607,674,683,800,802,893,1076,1078,1082,1095,1096,1097,1098,1099,1100,1101,1102,1109,1113,1114,1117,1121,1123,1124,1125,1126,1128,1135,1136,1141,1142,1145,1152,1153,1154,1158,1161,1166,1191,1194,1195,1197,1198,1200,1205,1242,1244,1245,1247,1254,1255,1344,1378,1398,1409,1539,2351,2352,2358,2359,2364,2373,2375,2529,2571,",84.0,174.0,258.0,68.0,73,40,66
195,195,Sri Lanka,1340.0,Buddhist,1.0,0,26.95,228.0,1340.0,"2769,2779,2893,2896,","1789,1961,","958,2031,2032,2036,2564,2769,2779,2893,2896,",4.0,2.0,6.0,9.0,0,0,5
196,196,Sudan,853.0,Islam,6764.0,7,26.9,568.0,0.126108811354228,"1940,1959,2305,2436,2877,2881,2924,2929,2932,2935,","138,142,1580,1942,1953,2011,2581,2621,2669,2755,2886,2889,2890,2891,2924,2929,2932,2935,2941,2942,","168,169,650,1446,1496,1837,1942,1959,1972,2011,2089,2165,2377,2621,2649,2842,2846,2932,2935,2955,2956,",10.0,20.0,30.0,21.0,7,5,11
197,197,Suriname,386.0,Hindu,1707.0,3,25.7,246.0,0.226127709431752,"2221,2223,2228,",,"690,",3.0,0.0,3.0,1.0,3,0,1
198,198,Svalbard,3587.0,Unknown,2027.0,3,22.35,442.0,,,,,0.0,0.0,0.0,0.0,0,0,0
199,199,Sweden,3218.0,Roman Chatolic,2233.0,2,2.1,320.0,1.44111061352441,"307,457,471,478,505,518,523,524,525,530,533,548,572,578,602,603,604,626,628,725,768,907,908,909,910,915,916,917,1033,1043,1080,1083,1084,1085,1086,1088,1089,1090,1092,1094,1105,1107,1188,1203,1223,2606,2620,2793,2802,2876,2879,2917,2921,2923,2926,","249,444,450,460,467,469,522,608,752,804,914,1043,1103,1106,1219,1238,1250,1256,1262,1263,1265,1273,2727,","106,450,637,643,705,907,1087,1103,1107,1252,1362,1495,",55.0,23.0,78.0,12.0,53,2,9
200,200,Switzerland,0.0,Roman Chatolic,1852.0,5,5.5,1350.0,0.0,"257,1043,2876,2879,","1043,2941,2942,","124,242,589,1006,1111,",4.0,3.0,7.0,5.0,4,0,3
201,201,Syria,193.0,Islam,2253.0,5,17.75,514.0,0.08566355969818,"904,2050,2153,2285,2754,2763,2790,2793,2794,2802,2915,2919,2937,2939,","25,963,2285,2286,2580,2581,2669,2673,2677,2691,2706,2707,2708,2709,2710,2712,2756,2764,2801,2915,2919,","0,164,165,174,175,398,736,904,1112,2050,2205,2265,2285,2315,2316,2737,2915,2919,2940,2943,",14.0,21.0,35.0,20.0,9,3,11
202,202,São Tomé and Príncipe,209.0,Unknown,1.0,0,23.75,442.0,209.0,,,,0.0,0.0,0.0,0.0,0,0,0
203,203,Taiwan,1566.3,Christian,2027.0,3,22.35,1150.0,,"593,1380,1381,1986,1987,1991,2937,2939,","157,1382,1392,1394,2620,2628,2630,2876,2879,","593,617,618,1153,1441,1857,1924,1937,1941,1974,1975,1977,1979,1981,1987,2334,2366,2367,2410,2537,2931,2933,",8.0,9.0,17.0,22.0,6,0,13
204,204,Tajikistan,0.0,Islam,3651.0,4,2.0,3186.0,0.0,"2877,2881,",,"1040,2049,",2.0,0.0,2.0,2.0,2,0,2
205,205,Tanzania,1424.0,Christian,3861.0,8,22.35,1018.0,0.368816368816369,"478,645,2037,2738,2741,2742,2743,2751,2922,2923,2926,2928,2945,2950,","19,34,158,159,","1554,2080,2120,2128,2270,2738,2945,2950,",14.0,4.0,18.0,8.0,11,0,2
206,206,Thailand,3219.0,Buddhist,4863.0,4,26.3,287.0,0.661937075879087,"2406,2583,2602,2606,2610,2631,2660,2662,2682,2877,2881,2882,2883,2909,2910,","23,2584,2620,2630,2660,2726,","259,1325,1969,2028,2507,2583,2609,2620,2631,2660,2726,",15.0,6.0,21.0,11.0,12,3,3
207,207,Timor-Leste,706.0,Unknown,2027.0,3,25.25,442.0,,,,"549,590,",0.0,0.0,0.0,2.0,0,0,2
208,208,Togo,475.0,Christian,1647.0,3,27.15,236.0,0.288403157255616,"2482,2876,2879,2882,2883,2923,2926,",,"286,731,934,1930,2146,",7.0,0.0,7.0,5.0,7,0,5
209,209,Tokelau,101.0,Unknown,2027.0,3,22.35,442.0,,,,,0.0,0.0,0.0,0.0,0,0,0
210,210,Trinidad and Tobago,362.0,Roman Chatolic,1.0,0,25.75,83.0,362.0,,,,0.0,0.0,0.0,0.0,0,0,0
211,211,Tunisia,1148.0,Islam,1469.0,2,19.2,246.0,0.781484002722941,"2175,2815,2819,2917,2921,","1353,1928,2418,2634,2669,2709,2823,2824,","95,96,1928,2480,2634,2815,2819,",5.0,8.0,13.0,7.0,3,2,3
212,212,Turkey,7200.0,Islam,2648.0,8,9.9,1132.0,2.7190332326284,"2297,2312,2325,2371,2599,2606,2615,2717,2722,2737,2793,2802,2849,2852,2876,2877,2879,2881,2884,2888,2917,2921,2923,2926,2937,2939,2940,2943,2946,2947,2948,2951,","190,191,192,2620,2832,2833,2834,2835,2915,2919,","21,106,283,472,2105,2110,2116,2172,2289,2298,2299,2300,2304,2325,2519,2884,2888,",32.0,10.0,42.0,17.0,29,0,14
213,213,Turkmenistan,0.0,Islam,3736.0,4,15.1,230.0,0.0,"2877,2881,","2809,2812,","821,843,",2.0,2.0,4.0,2.0,2,0,2
214,214,Turks and Caicos Islands,389.0,Unknown,2027.0,3,22.35,442.0,,,,,0.0,0.0,0.0,0.0,0,0,0
215,215,Tuvalu,24.0,Tuvalu,1.0,0,28.0,442.0,24.0,,,,0.0,0.0,0.0,0.0,0,0,0
216,216,U.S. Virgin Islands,188.0,Unknown,2027.0,3,22.35,442.0,,,,,0.0,0.0,0.0,0.0,0,0,0
217,217,Uganda,0.0,Roman Chatolic,2698.0,5,22.8,1100.0,0.0,"2360,2508,2743,2841,2842,2845,2846,2856,2862,2877,2881,2895,2899,2909,2910,2923,2926,2932,2935,2945,2950,","2729,2738,2741,2742,2743,2751,2757,2841,2845,2922,2928,","2649,2738,2741,2742,2743,2751,2757,2777,2841,2842,2845,2846,",21.0,11.0,32.0,12.0,16,8,5
218,218,Ukraine,2782.0,Catholic,4663.0,7,8.3,175.0,0.5966116234184,"242,2686,2850,2851,2872,2874,2876,2877,2879,2881,2882,2883,2890,2891,2923,2926,","2218,2272,","486,615,686,693,699,724,928,1361,2139,2186,2211,2218,2243,2256,2517,",16.0,2.0,18.0,15.0,16,1,12
219,219,United Arab Emirates,1318.0,Islam,867.0,2,27.0,149.0,1.520184544406,"442,446,455,495,535,573,640,1580,2574,2793,2802,2876,2879,2916,2917,2920,2921,2923,2926,2941,2942,","439,497,519,537,598,599,2915,2919,2941,2942,",,21.0,10.0,31.0,0.0,21,0,0
220,220,United Kingdom,12429.0,Christian,1012.0,4,8.48,162.0,12.2816205533597,"982,984,985,989,990,991,992,993,994,995,996,998,1030,1031,1032,1034,1043,1048,1059,1060,1065,1066,1070,1091,1104,1124,1137,1145,1146,1148,1149,1150,1156,1158,1171,1188,1192,1199,1201,1203,1210,1212,1214,1216,1218,1223,1224,1228,1240,1244,1247,1248,1255,1257,1261,1264,1266,1267,1269,1270,1272,1291,1299,1306,1319,1353,1399,1400,1403,1405,1417,1418,1424,1426,1428,1431,1432,1434,1435,1436,1440,1480,1506,1507,1509,1510,1511,1513,1515,1518,1519,1522,1524,1527,1531,1824,1905,1922,1923,1926,1929,1934,1942,1953,2011,2016,2017,2023,2026,2027,2028,2034,2037,2039,2040,2041,2042,2043,2047,2048,2049,2051,2055,2056,2121,2125,2136,2138,2142,2152,2157,2158,2163,2164,2165,2167,2172,2174,2178,2179,2180,2185,2187,2191,2202,2204,2209,2213,2214,2215,2216,2217,2221,2222,2223,2226,2227,2229,2230,2231,2232,2233,2234,2237,2249,2254,2255,2258,2263,2266,2324,2360,2385,2399,2400,2401,2402,2404,2407,2410,2412,2416,2420,2423,2425,2435,2436,2437,2438,2439,2447,2449,2451,2452,2458,2466,2467,2469,2470,2471,2480,2481,2482,2488,2490,2494,2502,2504,2513,2523,2525,2526,2531,2539,2549,2555,2556,2569,2573,2583,2590,2591,2592,2594,2595,2596,2597,2598,2599,2600,2601,2602,2603,2604,2606,2608,2610,2614,2615,2625,2640,2641,2642,2756,2759,2761,2765,2766,2767,2768,2790,2793,2794,2800,2802,2807,2810,2849,2852,2876,2877,2879,2881,2882,2883,2895,2899,2909,2910,2917,2921,2923,2926,2937,2939,2946,2951,","166,167,234,239,1055,1062,1067,1077,1079,1095,1106,1117,1129,1139,1144,1147,1151,1152,1153,1154,1157,1164,1166,1174,1194,1195,1197,1198,1200,1205,1232,1234,1235,1239,1242,1245,1258,1259,1260,1271,1274,1287,1302,1312,1314,1407,1410,1514,1580,1905,1907,1909,1910,1912,1915,1919,1920,1930,1931,1940,2057,2120,2123,2133,2140,2189,2196,2218,2224,2271,2275,2276,2381,2418,2430,2432,2434,2445,2457,2475,2544,2545,2620,2638,2754,2786,2801,2843,2844,2892,2897,2915,2919,2941,2942,",,277.0,95.0,372.0,0.0,277,0,0
221,221,United States of America,20009.7,Protestant,12034.0,2,25.85,760.0,1.66276383579857,"811,821,823,824,826,831,832,833,834,837,838,839,840,841,842,843,845,847,848,851,853,855,856,857,858,859,860,863,872,874,875,880,885,886,887,888,889,891,918,944,1033,1162,1169,1174,1209,1220,1229,1234,1237,1239,1241,1258,1259,1260,1274,1278,1299,1302,1352,1370,1373,1386,1396,1402,1405,1430,1450,1451,1452,1453,1454,1458,1459,1460,1461,1462,1463,1464,1465,1466,1467,1468,1469,1471,1512,1515,1520,1522,1524,1526,1530,1532,1534,1537,1539,1541,1549,1557,1559,1560,1563,1566,1567,1568,1569,1570,1571,1573,1574,1575,1576,1577,1578,1579,1580,1581,1582,1583,1584,1585,1586,1589,1590,1591,1592,1594,1595,1596,1597,1598,1600,1601,1602,1603,1604,1605,1606,1607,1608,1609,1611,1612,1614,1615,1616,1617,1618,1620,1621,1622,1623,1624,1625,1627,1628,1629,1630,1631,1632,1633,1634,1635,1636,1637,1638,1639,1640,1641,1642,1643,1644,1645,1646,1648,1649,1650,1651,1652,1653,1655,1657,1658,1659,1660,1661,1662,1663,1665,1666,1667,1668,1669,1670,1671,1672,1673,1674,1675,1676,1678,1679,1681,1682,1684,1685,1686,1688,1689,1690,1691,1692,1694,1695,1696,1697,1699,1700,1701,1705,1706,1708,1709,1710,1711,1712,1713,1714,1715,1716,1717,1718,1719,1720,1722,1723,1724,1725,1727,1729,1730,1731,1732,1733,1734,1735,1736,1738,1739,1740,1741,1742,1743,1744,1745,1746,1747,1754,1755,1756,1757,1758,1760,1761,1762,1763,1764,1765,1767,1769,1773,1774,1775,1776,1777,1778,1779,1780,1781,1782,1783,1784,1785,1786,1788,1790,1792,1795,1796,1797,1812,1817,1818,1827,1831,1846,1850,1854,1859,1860,1873,1875,1876,1879,1882,1885,1888,1889,1893,1895,1903,1921,1927,1932,1961,1978,1997,2000,2001,2002,2003,2005,2010,2012,2014,2018,2019,2021,2022,2024,2025,2030,2031,2032,2033,2046,2099,2112,2153,2156,2169,2176,2182,2190,2193,2199,2221,2222,2223,2225,2227,2228,2229,2230,2231,2234,2260,2266,2282,2284,2318,2319,2320,2322,2323,2326,2327,2343,2372,2440,2441,2442,2443,2448,2449,2450,2452,2453,2454,2461,2465,2467,2469,2470,2471,2472,2473,2477,2480,2481,2482,2483,2484,2485,2486,2489,2490,2493,2496,2500,2501,2502,2503,2504,2509,2510,2512,2513,2514,2515,2518,2519,2520,2522,2523,2524,2525,2528,2529,2531,2532,2533,2534,2537,2542,2543,2549,2551,2552,2554,2555,2558,2559,2560,2561,2563,2564,2567,2568,2569,2570,2573,2590,2591,2592,2593,2594,2595,2596,2597,2598,2599,2600,2601,2602,2603,2604,2606,2608,2609,2610,2614,2615,2646,2649,2651,2652,2658,2662,2663,2664,2665,2666,2667,2668,2670,2671,2674,2681,2682,2685,2686,2690,2696,2701,2709,2727,2756,2770,2771,2778,2783,2787,2789,2790,2793,2794,2800,2802,2825,2833,2835,2849,2852,2871,2873,2876,2877,2878,2879,2880,2881,2882,2883,2894,2895,2898,2899,2909,2910,2912,2913,2917,2921,2923,2926,2937,2939,2946,2951,2952,2953,","813,822,825,827,835,836,844,861,862,864,870,876,878,920,1155,1171,1182,1187,1192,1203,1210,1212,1214,1217,1218,1221,1224,1227,1228,1240,1243,1248,1257,1264,1266,1267,1269,1270,1272,1277,1291,1297,1303,1371,1383,1412,1517,1537,1556,1558,1561,1562,1564,1569,1579,1593,1613,1624,1641,1645,1698,1716,1728,1745,1755,1760,1853,1866,1867,1870,1872,1874,1891,1933,1995,1996,1998,1999,2004,2006,2007,2008,2009,2013,2029,2036,2038,2075,2218,2444,2445,2516,2574,2584,2620,2628,2630,2637,2679,2683,2700,2702,2703,2723,2726,2754,2788,2801,2843,2844,2850,2851,2884,2886,2888,2889,2892,2897,2915,2919,2941,2942,","847,853,1450,1569,1615,1684,1788,1875,2262,",531.0,122.0,653.0,9.0,523,1,6
222,222,Uruguay,660.0,Roman Chatolic,1564.0,2,17.55,109.0,0.421994884910486,"1498,1753,1791,","1805,1835,","1062,1067,1340,1352,1498,",3.0,2.0,5.0,5.0,2,0,1
223,223,Uzbekistan,0.0,Islam,6221.0,5,12.05,450.0,0.0,"2877,2881,",,,2.0,0.0,2.0,0.0,2,0,0
224,224,Vanuatu,2528.0,Roman Chatolic,1.0,0,23.95,442.0,2528.0,,,"2244,",0.0,0.0,0.0,1.0,0,0,1
225,225,Venezuela,2800.0,Roman Chatolic,4993.0,3,25.35,450.0,0.560785099138794,"1327,","1329,","1336,2894,2898,",1.0,1.0,2.0,3.0,1,0,1
226,226,Vietnam,3444.0,Buddhist,4639.0,3,24.45,398.0,0.742401379607674,"2574,2620,2630,2646,2654,2665,2670,2679,2681,2682,2683,2685,2700,2701,2702,2703,2718,2720,2721,2723,2726,2728,","2583,2620,2630,2646,2654,2658,2662,2663,2664,2665,2666,2667,2668,2670,2671,2674,2679,2681,2682,2683,2684,2685,2696,2700,2701,2702,2716,2718,2719,2720,2721,2728,2739,2740,2749,2776,","317,645,906,1000,1054,1108,1115,1935,1936,1938,1941,1944,1945,1946,2620,2646,2654,2658,2663,2664,2665,2666,2667,2668,2670,2671,2674,2681,2682,2683,2684,2685,2696,2700,2701,2702,2703,2718,2720,2721,2726,2728,2739,2740,",22.0,36.0,58.0,44.0,4,28,38
227,227,Wake Island,19.3,Unknown,2027.0,3,22.35,442.0,,,,,0.0,0.0,0.0,0.0,0,0,0
228,228,Wallis and Futuna,129.0,Unknown,2027.0,3,22.35,442.0,,,,,0.0,0.0,0.0,0.0,0,0,0
229,229,Yemen,1906.0,Islam,1746.0,2,23.85,999.0,1.09163802978236,"1807,2638,2886,2889,2908,2911,","2346,2581,2638,2886,2889,2941,2942,","13,1418,1433,1527,2346,2436,2886,2889,2908,2911,2941,2942,",6.0,7.0,13.0,12.0,2,5,5
230,230,Zambia,0.0,Christian,5667.0,8,21.4,1138.0,0.0,"2661,","645,","29,31,35,36,37,39,43,44,47,48,50,52,54,55,58,59,60,63,67,70,71,74,77,78,79,80,83,85,89,91,94,96,97,99,101,157,1104,1910,2036,2061,2648,2661,",1.0,1.0,2.0,42.0,0,0,38
231,231,Zimbabwe,0.0,Zimbabwe,3066.0,4,21.0,961.0,0.0,"2885,2887,","2648,2917,2921,","987,2648,",2.0,3.0,5.0,2.0,2,1,1
232,232, Vatican City,0.0,Unknown,3.2,1,22.35,442.0,0.0,,,,0.0,0.0,0.0,0.0,0,0,0
